{"loss": [1.3075562715530396, 0.4440048336982727, 0.2649812400341034, 0.1839732676744461, 0.13763993978500366], "accuracy": [0.6138701438903809, 0.8586243391036987, 0.9150722026824951, 0.9404793977737427, 0.9547905325889587], "val_loss": [0.5987048745155334, 0.3240291178226471, 0.2647221088409424, 0.15349887311458588, 0.13424699008464813], "val_accuracy": [0.8116214275360107, 0.8943713903427124, 0.9135507345199585, 0.9505435228347778, 0.955836296081543]}